code,display_name,nav_group,status,last_updated,notes
AWG,AWG,A–C,Taslak,2026-06-25,
AAR,AAR,A–C,Taslak,2026-06-25,
ABY,ABY,A–C,Taslak,2026-06-25,
AEE,AEE,A–C,Taslak,2026-06-25,
AHY,AHY,A–C,Taslak,2026-06-25,
AZG,AZG,A–C,Taslak,2026-06-25,
AYN,AYN,A–C,Taslak,2026-06-25,
BBT,BBT,A–C,Taslak,2026-06-25,
BRU,BRU,A–C,Taslak,2026-06-25,
CCA,CCA,A–C,Taslak,2026-06-25,
CES,CES,A–C,Taslak,2026-06-25,
CTN,CTN,A–C,Taslak,2026-06-25,
CSC,CSC,A–C,Taslak,2026-06-25,
CSN,CSN,A–C,Taslak,2026-06-25,
DAH,DAH,D–K,Taslak,2026-06-25,
DHX,DHX,D–K,Taslak,2026-06-25,
DLH,DLH,D–K,Taslak,2026-06-25,
ETD,ETD,D–K,Taslak,2026-06-25,
FAD,FAD,D–K,Taslak,2026-06-25,
FDX,FDX,D–K,Taslak,2026-06-25,
GEC,GEC,D–K,Taslak,2026-06-25,
IAW,IAW,D–K,Taslak,2026-06-25,
IGT,IGT,D–K,Taslak,2026-06-25,
KAC,KAC,D–K,Taslak,2026-06-25,
KAL,KAL,D–K,Taslak,2026-06-25,
KNE,KNE,D–K,Taslak,2026-06-25,
KZR,KZR,D–K,Taslak,2026-06-25,
MGH,MGH,M–S,Taslak,2026-06-25,
RAM,RAM,M–S,Taslak,2026-06-25,
SHI,SHI,M–S,Taslak,2026-06-25,
SKYAIR,SKYAIR,M–S,Taslak,2026-06-25,
SVA,SVA,M–S,Taslak,2026-06-25,
UAE,UAE,U–Z,Taslak,2026-06-25,
UBD,UBD,U–Z,Taslak,2026-06-25,
UZB,UZB,U–Z,Taslak,2026-06-25,
